timestamp,forklift_id,operator_id,shift,speed_kmph,running_hours,idle_hours,battery_soc,voltage,current,harsh_brake,collision,is_idle,utilization_pct
2025-07-06,FL_010,OP_006,Night,12.74,5.3,1.51,37.51,45.45,126.52,False,True,False,77.8267254038179
2025-05-27,FL_010,OP_004,Day,3.9,2.0,3.27,39.26,46.74,124.11,False,True,False,37.95066413662239
2025-12-08,FL_003,OP_002,Night,5.53,1.82,1.56,22.07,47.33,42.97,True,True,False,53.84615384615385
2025-09-28,FL_010,OP_001,Night,2.8,2.85,0.27,75.57,44.93,31.45,False,True,False,91.34615384615384
2026-01-10,FL_001,OP_002,Day,10.63,3.89,0.56,52.14,46.92,142.25,False,False,False,87.41573033707866
2025-06-18,FL_004,OP_003,Night,4.99,4.59,2.53,76.52,46.04,25.55,False,True,False,64.46629213483146
2025-07-25,FL_007,OP_006,Day,1.17,3.89,1.84,20.63,51.21,95.59,True,False,False,67.88830715532286
2025-10-19,FL_002,OP_005,Day,14.93,0.21,0.65,76.91,44.02,55.48,False,True,False,24.4186047
2025-06-24,FL_004,OP_007,Night,5.0,2.02,1.19,41.86,51.51,79.77,False,False,False,62.92834890965732
2025-03-13,FL_008,OP_004,Evening,9.48,3.24,0.96,90.72,51.38,114.77,False,,,77.14285714285714
2025-02-26,FL_006,OP_007,Evening,9.99,5.71,1.54,32.82,51.49,45.39,False,False,False,78.75862068965517
2025-02-26,FL_002,OP_005,Day,1.85,6.46,0.34,79.09,50.17,139.78,False,True,False,95.0
2025-08-13,FL_006,OP_005,Night,2.74,4.78,0.2,74.49,49.71,56.72,,False,False,95.98393574297187
2025-11-28,FL_009,OP_008,Evening,4.39,6.15,1.63,27.12,44.41,83.92,False,True,False,79.04884318766067
2025-10-08,FL_009,OP_008,Day,11.73,0.69,1.02,59.88,51.66,64.17,False,True,False,40.35087719298246
2025-04-01,FL_008,OP_002,Evening,11.36,3.99,1.67,97.28,46.91,110.76,False,True,False,70.49469964664311
2025-09-21,FL_004,OP_004,Evening,13.06,4.51,0.01,81.31,49.67,32.62,True,False,False,99.7787610619469
2025-06-14,FL_002,OP_007,Evening,12.38,0.51,1.99,53.14,47.68,65.94,True,False,False,20.4
2026-01-07,FL_001,OP_005,Night,10.75,4.02,0.63,58.9,46.17,25.91,False,False,False,86.4516129032258
2025-04-17,FL_002,OP_001,Night,3.12,3.85,1.36,45.6,44.29,137.43,False,False,False,73.89635316698656
2025-11-04,FL_004,OP_003,Day,6.29,2.41,1.99,49.18,47.57,112.82,True,False,False,54.77272727272727
2025-05-31,FL_010,OP_001,Day,17.86,6.04,1.29,99.37,47.76,71.36,False,False,False,82.40109140518418
2026-01-11,FL_005,OP_004,Night,11.32,4.31,0.58,94.41,47.99,89.92,True,True,False,88.13905930470347
2025-05-15,FL_009,OP_004,Night,4.76,4.3,3.12,85.83,47.9,116.65,True,False,False,57.95148247978437
2025-03-27,FL_010,OP_002,Night,13.83,0.41,2.54,76.92,45.95,88.85,False,False,False,13.898305084745761
2025-05-14,FL_010,OP_004,Night,16.04,4.63,0.65,26.24,50.88,64.48,True,False,False,87.68939393939395
2025-06-30,FL_009,OP_003,Night,7.5,4.03,0.95,95.12,51.47,94.76,False,True,False,80.92369477911646
2025-04-20,FL_010,OP_002,Day,4.57,5.92,0.61,54.39,50.28,76.82,True,False,False,90.6584992343032
2025-06-21,FL_003,OP_006,Evening,10.85,1.43,1.81,29.69,47.33,22.17,True,True,False,44.1358024691358
2025-03-17,FL_005,OP_003,Evening,6.74,1.8,2.82,31.31,47.09,91.51,True,True,False,
2025-02-13,FL_002,OP_002,Day,9.77,6.8,1.19,76.4,47.19,62.58,False,True,False,85.10638297872339
2025-02-19,FL_007,OP_001,Night,1.42,1.12,0.27,65.64,50.69,137.53,False,False,False,80.5755395683453
2026-01-15,FL_005,OP_007,Evening,14.04,4.64,0.11,74.49,44.94,49.38,False,True,False,97.6842105263158
2025-10-17,FL_007,OP_008,Night,16.01,1.23,0.11,26.19,50.51,88.42,True,True,False,91.79104477611939
2025-08-19,FL_005,OP_002,Day,12.87,2.97,1.06,51.09,50.92,55.37,False,True,False,73.69727047146404
2025-10-28,FL_004,OP_008,Day,0.49,2.06,2.49,87.28,50.61,27.36,True,True,False,45.27472527472528
2025-11-29,FL_006,OP_001,Day,2.47,3.25,3.58,61.46,50.61,94.87,True,True,False,47.58418740849194
2025-07-08,FL_006,OP_003,Day,3.63,4.13,1.21,54.71,50.19,111.78,False,True,False,77.34082397003746
2025-08-21,FL_001,OP_006,Day,15.66,1.92,1.39,35.32,51.4,100.26,False,True,False,58.0060422960725
2025-03-16,FL_002,OP_008,Evening,16.91,1.06,3.78,68.01,45.93,34.63,False,False,False,21.90082644628099
2025-02-12,FL_001,OP_002,Evening,12.14,3.51,1.03,94.09,44.2,90.72,False,True,False,77.31277533039646
2025-11-18,FL_003,OP_004,Evening,6.36,5.68,0.61,56.93,46.2,96.35,True,True,False,90.30206677265501
2025-03-10,FL_008,OP_005,Day,17.87,4.62,3.04,65.18,51.27,22.29,False,False,False,60.313315926892955
2025-02-03,FL_006,OP_003,Night,0.75,1.88,0.12,90.7,47.21,128.41,False,False,False,94.0
2025-10-25,FL_004,OP_001,Evening,13.0,0.12,2.9,27.52,51.16,14.58,True,False,False,3.9735099337748334
2025-10-25,FL_010,OP_005,Evening,4.03,0.07,2.97,79.52,47.45,89.1,True,True,False,2.3026315789473686
2025-07-07,FL_001,OP_001,Evening,6.71,0.97,3.95,66.06,49.22,10.88,True,False,False,19.715447154471544
2025-05-17,FL_002,OP_007,Night,15.18,1.55,2.24,90.16,48.36,27.75,False,False,False,40.89709762532981
2025-03-28,FL_009,OP_007,Day,8.67,1.63,2.44,50.94,47.87,16.91,True,True,False,40.04914004914005
2025-02-04,FL_009,OP_006,Day,4.08,1.88,0.04,70.74,47.78,84.83,False,False,False,97.91666666666666
2025-09-20,FL_010,OP_004,Night,8.85,0.04,0.63,65.45,48.07,143.37,False,True,False,5.9701493
2025-02-04,FL_008,OP_001,Day,11.81,5.79,1.43,40.95,45.62,45.88,,False,False,80.19390581717451
2025-08-31,FL_009,OP_005,Day,14.9,1.94,1.13,46.8,50.84,122.27,True,True,False,63.19218241042345
2025-05-18,FL_004,OP_008,Night,17.41,4.71,0.32,95.46,50.53,120.28,True,True,False,93.63817097415507
2025-08-14,FL_005,OP_006,Night,8.58,5.38,1.87,60.98,51.1,12.68,True,True,False,74.20689655172413
2025-11-13,FL_005,OP_001,Day,9.07,0.36,3.75,22.39,48.39,32.91,False,False,False,8.75912408759124
2025-02-26,FL_003,OP_008,Day,13.29,2.89,1.56,49.1,46.82,99.17,False,False,False,64.9438202247191
2025-03-27,FL_007,OP_004,Night,16.12,0.4,1.46,36.52,50.77,53.23,False,False,False,21.50537634408602
2025-09-02,FL_006,OP_006,Day,14.83,6.2,1.56,75.91,49.65,124.68,False,True,False,79.89690721649485
2025-02-08,FL_009,OP_004,Evening,12.25,6.33,1.07,28.52,49.65,33.84,False,True,False,85.54054054054055
2025-05-19,FL_005,OP_006,Day,6.56,5.99,1.07,95.98,46.7,97.21,False,True,False,84.8441926345609
2025-02-05,FL_002,OP_005,Evening,16.37,3.47,2.12,45.36,46.36,35.11,True,True,False,62.075134168157426
2025-05-27,FL_008,OP_001,Day,9.87,1.5,0.75,79.65,46.95,88.99,True,False,False,66.66666666666666
2025-09-13,FL_004,OP_008,Day,4.85,3.72,1.95,26.56,50.53,72.58,True,False,False,65.60846560846561
2025-04-29,FL_006,OP_006,Day,14.65,3.81,3.4,79.99,47.81,56.43,False,True,False,52.843273231622746
2025-05-31,FL_008,OP_008,Evening,9.61,1.27,2.76,24.75,49.25,145.29,True,False,False,31.5136476426799
2025-04-14,FL_005,OP_002,Night,0.64,3.66,1.62,44.99,44.29,77.77,False,True,False,69.31818181818181
2025-08-02,FL_006,OP_008,Evening,14.75,2.12,1.9,32.43,45.97,78.07,True,False,False,52.7363184079602
2025-11-28,FL_007,OP_003,Night,6.13,0.25,0.28,64.94,48.02,28.01,True,False,False,47.1698113
2025-11-23,FL_005,OP_007,Day,3.46,1.7,2.84,31.82,47.23,31.53,,True,False,37.44493392070485
2025-06-06,FL_004,OP_001,Evening,2.81,0.26,0.23,45.31,44.16,131.31,False,True,False,53.0612245
2025-03-14,FL_004,OP_008,Evening,2.63,4.8,1.97,45.87,45.26,91.76,True,False,False,70.90103397341211
2025-09-29,FL_003,OP_004,Day,0.19,1.81,1.0,70.42,49.9,114.79,False,True,,64.41281138790036
2025-07-14,FL_002,OP_002,Day,10.12,4.89,2.17,25.4,48.94,45.11,,True,False,69.26345609065156
2025-07-10,FL_008,OP_001,Night,16.76,2.62,1.71,45.47,49.55,106.73,True,False,False,60.5080831408776
2025-08-18,FL_005,OP_007,Night,14.66,3.22,0.19,87.04,44.69,106.69,False,False,False,94.42815249266863
2025-07-27,FL_010,OP_003,Day,4.94,5.57,2.38,61.32,51.45,23.47,True,True,False,70.062893081761
2025-09-12,FL_008,OP_007,Night,14.06,4.15,3.53,67.68,46.75,117.07,True,False,False,54.03645833333333
2025-06-28,FL_002,OP_007,Evening,14.3,1.88,1.84,84.65,50.83,99.04,False,False,False,50.53763440860215
2025-12-13,FL_009,OP_007,Night,11.86,2.16,0.46,72.06,49.88,60.94,True,False,,82.44274809160305
2025-07-12,FL_005,OP_004,Night,9.61,3.4,3.09,69.48,50.99,148.69,False,True,False,52.38828967642527
2025-04-19,FL_002,OP_003,Evening,0.48,3.96,3.11,39.57,47.29,45.22,False,True,False,56.01131541725601
2025-02-17,FL_006,OP_001,Day,13.59,2.91,0.05,58.53,45.85,117.96,True,False,False,98.3108108108108
2025-09-09,FL_008,OP_008,Night,10.61,4.51,1.44,86.4,45.57,51.23,False,True,False,75.7983193277311
2025-08-21,FL_006,OP_007,Evening,17.01,4.08,2.59,38.65,51.13,25.46,False,True,False,61.169415292353825
2025-12-03,FL_008,OP_005,Night,5.62,3.38,1.16,53.23,47.29,27.73,True,True,False,74.44933920704845
2025-02-02,FL_004,OP_003,Day,15.33,1.14,1.89,27.94,50.17,103.62,False,True,False,37.623762376237615
2025-11-11,FL_001,OP_005,Night,12.49,0.31,2.54,81.35,48.15,144.12,True,True,False,10.87719298245614
2025-08-29,FL_009,OP_003,Night,2.52,1.02,1.45,48.82,49.19,121.22,True,False,False,41.29554655870445
2026-01-13,FL_008,OP_002,Night,9.07,1.73,0.75,89.27,48.71,27.8,True,True,False,69.75806451612902
2025-11-24,FL_003,OP_007,Day,5.58,1.77,1.86,29.04,51.37,88.69,True,False,False,48.7603305785124
2025-11-09,FL_005,OP_005,Evening,16.9,0.27,1.23,85.78,45.28,46.9,True,True,False,18.0
2025-06-09,FL_002,OP_004,Night,1.87,0.9,3.06,64.37,49.04,87.28,False,True,False,22.727272727272727
2025-02-09,FL_006,OP_007,Evening,15.52,1.94,1.18,29.05,48.79,26.56,False,True,False,62.179487179487175
2025-11-17,FL_002,OP_004,Night,12.96,2.85,1.92,30.41,51.94,63.71,False,False,False,59.74842767295597
2025-11-14,FL_009,OP_002,Night,6.42,4.9,0.43,66.34,45.88,21.93,True,True,False,91.93245778611632
2025-03-01,FL_010,OP_006,Night,11.94,1.43,2.26,64.62,48.22,13.24,True,False,False,38.75338753387533
2025-07-26,FL_004,OP_003,Night,13.79,3.22,2.5,80.79,50.4,147.72,False,True,False,56.293706293706286
2025-11-26,FL_009,OP_005,Night,9.81,0.69,2.98,62.69,46.63,26.73,True,False,False,18.801089918256128
2025-10-08,FL_004,OP_007,Evening,9.27,2.04,3.66,30.98,45.68,44.85,True,False,False,35.78947368421053
2025-08-19,FL_004,OP_002,Evening,11.02,7.18,0.36,57.18,51.76,94.66,True,True,False,95.22546419098144
2025-07-22,FL_008,OP_004,Day,16.11,1.13,0.81,48.47,49.27,65.33,False,False,False,58.24742268041237
2025-09-07,FL_008,OP_006,Evening,2.41,3.17,3.69,45.81,44.52,31.08,True,False,False,46.20991253644314
2025-10-11,FL_005,OP_007,Evening,17.97,2.61,3.94,35.56,49.29,110.76,True,True,False,39.847328244274806
2025-10-11,FL_007,OP_002,Evening,16.01,0.82,2.99,22.82,50.37,31.13,False,True,False,21.522309711286088
2025-12-19,FL_004,OP_005,Evening,9.8,4.91,1.95,20.52,44.66,41.82,False,True,False,71.57434402332362
2025-09-07,FL_005,OP_006,Night,4.33,0.79,0.19,90.77,49.28,91.96,True,False,False,80.6122449
2025-04-17,FL_006,OP_005,Day,8.22,4.21,3.67,95.69,45.85,88.22,False,True,False,53.42639593908629
2025-06-12,FL_001,OP_002,Evening,10.78,1.85,3.63,93.28,48.26,52.16,False,False,False,33.75912408759124
2025-03-30,FL_009,OP_002,Evening,7.91,3.32,1.45,28.29,51.66,130.01,False,False,False,69.60167714884696
2025-05-01,FL_001,OP_005,Night,10.81,4.75,0.8,31.86,45.94,125.38,False,True,False,85.58558558558559
2025-02-12,FL_002,OP_005,Day,13.27,0.04,0.99,63.09,48.67,84.68,,True,False,3.883495145631068
2025-04-28,FL_005,OP_003,Day,5.77,4.98,3.02,84.24,48.73,112.41,True,False,False,62.25
2025-06-13,FL_002,OP_005,Day,8.64,5.12,0.83,45.15,49.1,57.37,False,False,False,86.05042016806722
2025-08-24,FL_008,OP_003,Evening,6.41,5.41,2.53,66.49,44.11,22.98,True,True,False,68.13602015113351
2025-09-19,FL_001,OP_007,Evening,2.75,1.65,2.99,77.57,49.53,149.35,False,False,False,35.560344827586206
2025-06-11,FL_001,OP_003,Evening,16.3,3.74,1.15,81.34,46.48,136.06,False,False,False,76.48261758691207
2025-05-02,FL_009,OP_007,Day,9.95,3.31,3.25,77.45,46.54,81.88,True,False,False,50.45731707317073
2025-10-23,FL_003,OP_001,Day,6.12,1.37,0.58,23.97,46.65,35.72,False,,False,70.25641025641026
2025-10-04,FL_002,OP_004,Night,8.09,2.37,2.27,56.84,46.33,92.93,True,True,False,51.077586206896555
2025-12-31,FL_010,OP_005,Day,1.31,3.37,1.56,40.64,45.58,85.31,True,False,False,68.35699797160242
2025-02-18,FL_007,OP_003,Evening,5.47,0.16,0.52,40.13,49.62,79.35,False,True,False,23.5294118
2025-04-20,FL_001,OP_005,Evening,14.09,6.39,1.39,54.18,44.97,10.88,True,True,False,82.13367609254497
2025-10-01,FL_008,OP_004,Day,15.4,2.27,3.84,21.13,49.85,135.31,True,True,False,37.15220949263502
2025-03-26,FL_002,OP_004,Evening,17.47,5.41,0.52,99.6,45.59,47.79,False,False,False,91.23102866779088
2025-04-17,FL_005,OP_006,Evening,8.45,2.5,1.6,41.56,49.87,69.45,True,False,False,60.97560975609756
2025-09-01,FL_008,OP_002,Night,0.82,5.92,0.12,92.0,44.07,38.2,False,False,False,98.01324503311258
2025-09-21,FL_007,OP_006,Day,16.77,4.32,3.35,91.61,50.32,37.51,False,True,False,56.32333767926988
2025-08-31,FL_005,OP_002,Day,15.94,1.04,0.08,32.79,51.64,39.41,True,False,False,92.85714285714285
2025-08-10,FL_003,OP_006,Day,8.28,4.0,2.67,93.76,45.68,53.9,False,True,False,59.97001499250375
2025-01-22,FL_003,OP_003,Night,3.78,2.01,3.45,23.69,51.93,105.48,False,False,False,36.81318681318681
2025-03-30,FL_001,OP_004,Evening,4.04,4.35,1.27,85.71,50.93,112.95,False,False,False,77.40213523131672
2025-08-20,FL_004,OP_007,Evening,7.28,5.24,0.62,32.04,45.78,143.39,,True,False,89.419795221843
2025-10-27,FL_003,OP_003,Evening,11.3,4.94,2.33,34.71,51.77,70.8,True,True,False,67.95048143053644
2026-01-05,FL_004,OP_003,Night,14.5,0.69,1.78,58.95,51.15,26.97,True,False,False,27.935222672064775
2025-08-23,FL_010,OP_001,Evening,8.85,1.45,1.44,32.06,45.09,87.46,False,True,False,50.17301038062284
2025-01-29,FL_009,OP_006,Day,10.61,0.12,2.3,42.09,49.0,56.85,True,False,False,4.958677685950413
2025-09-16,FL_001,OP_004,Day,2.5,3.13,3.68,46.86,47.52,18.5,True,False,False,45.961820851688685
2025-01-29,FL_005,OP_004,Day,4.84,5.99,0.9,97.29,46.36,54.25,False,False,False,86.93759071117562
2025-09-02,FL_007,OP_007,Night,2.57,2.44,2.76,52.59,51.41,93.88,False,False,False,46.92307692307692
2025-08-30,FL_002,OP_002,Evening,4.79,1.64,1.3,55.94,47.24,60.29,True,False,False,55.782312925170075
2025-06-01,FL_004,OP_001,Night,5.12,4.99,2.98,44.77,51.63,64.12,True,False,False,62.609786700125476
2025-04-21,FL_003,OP_007,Night,1.42,5.06,2.05,32.21,46.0,21.68,False,True,False,71.16736990154712
2025-02-22,FL_006,OP_004,Evening,10.48,0.71,1.87,52.42,47.73,83.48,False,False,False,27.51937984496124
2025-05-26,FL_002,OP_005,Day,4.74,2.69,2.04,60.64,50.87,70.22,False,True,False,56.871035940803374
2025-07-19,FL_003,OP_007,Evening,12.99,3.67,1.64,70.79,49.68,38.27,False,True,False,69.11487758945385
2025-03-07,FL_005,OP_008,Day,1.87,0.71,3.11,33.92,44.34,68.63,True,True,False,18.58638743455497
2025-07-20,FL_006,OP_001,Night,5.64,2.29,3.23,55.48,49.4,38.76,False,False,False,41.485507246376805
2025-02-05,FL_004,OP_005,Evening,16.86,2.57,3.14,26.85,51.68,110.49,True,True,False,45.00875656742557
2025-04-17,FL_008,OP_005,Day,9.59,2.65,3.91,92.55,51.52,92.11,,False,False,40.39634146341464
2025-07-26,FL_002,OP_005,Night,14.93,5.79,1.21,67.36,48.66,18.5,False,True,False,82.71428571428571
2025-11-02,FL_010,OP_008,Day,15.58,3.15,3.16,62.76,50.01,12.87,True,True,False,49.92076069730586
2025-06-17,FL_005,OP_008,Day,6.5,3.18,1.67,29.09,51.35,108.5,False,True,False,65.56701030927834
2025-06-07,FL_006,OP_007,Evening,9.8,1.61,2.27,82.73,44.17,62.23,False,True,False,41.49484536082473
2025-06-15,FL_006,OP_003,Day,14.49,0.79,1.65,63.03,48.34,24.48,False,True,False,32.377049180327866
2025-02-09,FL_002,OP_005,Day,3.93,1.2,1.64,42.4,46.88,57.23,True,True,False,42.25352112676056
2025-09-04,FL_002,OP_006,Evening,0.35,4.62,3.19,57.64,48.82,75.61,False,True,False,59.15492957746479
2025-06-08,FL_003,OP_008,Evening,16.57,0.39,2.77,80.12,50.52,70.9,True,False,False,12.341772151898734
2025-03-24,FL_001,OP_007,Night,7.29,6.93,0.96,44.77,50.2,57.27,,,False,87.83269961977186
2025-07-03,FL_005,OP_004,Day,14.02,3.61,0.92,79.7,51.64,125.92,True,False,False,79.69094922737305
2025-05-12,FL_006,OP_007,Night,6.01,4.7,3.19,81.47,51.38,90.23,False,False,False,59.569074778200246
2025-09-11,FL_010,OP_008,Day,15.57,3.63,3.46,77.06,50.36,119.83,True,False,False,51.198871650211565
2025-04-25,FL_004,OP_003,Evening,1.35,7.05,0.85,23.32,49.93,84.96,True,True,False,89.24050632911391
2026-01-12,FL_005,OP_002,Evening,4.18,6.54,0.95,57.18,51.59,86.96,True,False,False,87.31642189586115
2025-03-27,FL_003,OP_007,Day,2.62,2.81,3.92,77.24,45.22,33.21,True,True,False,41.75334323922734
2025-09-24,FL_006,OP_004,Night,9.55,4.32,2.09,46.67,49.19,91.17,False,False,False,67.39469578783151
2025-03-02,FL_004,OP_002,Night,12.32,2.36,2.3,40.12,47.28,84.67,False,True,False,50.64377682403433
2025-10-31,FL_010,OP_001,Night,17.03,1.96,3.72,80.73,50.93,139.68,True,False,False,
2025-10-27,FL_002,OP_008,Evening,14.21,3.6,0.26,92.57,50.11,63.58,False,True,False,93.2642487046632
2025-11-20,FL_003,OP_007,Evening,0.35,3.62,2.17,95.15,48.94,20.87,True,True,False,62.52158894645941
2025-08-15,FL_005,OP_002,Night,4.01,5.24,0.54,30.84,47.48,97.98,False,True,False,90.65743944636678
2025-10-10,FL_009,OP_008,Day,6.79,1.65,0.87,83.54,46.66,109.36,True,False,False,65.47619047619048
2025-07-18,FL_005,OP_006,Day,15.91,2.33,1.91,96.33,51.59,28.85,False,True,False,54.95283018867925
2025-02-24,FL_004,OP_007,Night,8.26,2.77,1.38,47.02,47.19,32.85,True,True,False,66.74698795180723
2025-10-14,FL_009,OP_001,Evening,17.61,4.34,2.97,69.37,50.26,124.8,False,False,False,59.37072503419973
2025-02-13,FL_008,OP_008,Day,9.73,0.54,0.55,43.07,49.58,121.74,False,True,False,49.54128440366973
2025-10-24,FL_010,OP_001,Night,13.5,4.68,0.35,59.29,50.32,99.95,True,True,False,93.0417495029821
2025-07-15,FL_001,OP_001,Night,13.95,2.22,3.29,74.68,47.06,58.86,True,True,False,40.290381125226865
2026-01-19,FL_009,OP_005,Day,3.75,2.36,0.93,59.72,45.36,125.93,True,False,False,71.73252279635257
2025-11-18,FL_006,OP_003,Night,4.53,3.71,1.04,79.09,50.83,129.96,,True,False,78.10526315789474
2025-05-12,FL_008,OP_005,Night,0.84,1.24,3.23,21.35,45.54,21.72,True,False,False,27.740492170022367
2025-06-17,FL_006,OP_006,Night,10.03,1.36,2.84,58.19,49.85,69.72,True,False,False,32.38095238095238
2025-06-03,FL_003,OP_002,Evening,9.87,1.38,1.11,21.48,46.87,93.42,True,False,False,55.42168674698795
2025-04-18,FL_004,OP_004,Evening,14.21,4.61,2.86,52.51,44.63,26.02,True,True,False,61.71352074966533
2025-08-23,FL_003,OP_008,Evening,3.31,4.58,1.53,77.59,51.61,135.72,False,False,False,74.95908346972176
2025-03-05,FL_005,OP_005,Day,4.2,4.81,0.14,40.52,48.99,96.37,True,True,False,97.17171717171715
2025-10-10,FL_008,OP_004,Night,8.96,0.76,2.05,86.86,47.32,78.62,False,True,False,27.04626334519573
2025-07-04,FL_007,OP_003,Day,6.7,7.12,0.14,25.18,45.77,64.61,True,False,False,98.07162534435261
2025-06-05,FL_005,OP_002,Day,9.85,3.44,2.3,83.9,46.9,43.2,True,False,False,59.930313588850176
2025-10-22,FL_003,OP_003,Evening,0.47,6.66,0.79,61.37,51.81,100.76,False,True,False,89.39597315436242
2025-03-26,FL_003,OP_007,Evening,13.11,4.77,2.95,75.95,51.28,139.66,True,False,False,
2025-04-30,FL_001,OP_005,Evening,13.67,4.34,0.96,52.53,44.24,43.18,False,False,False,81.88679245283018
2025-11-08,FL_002,OP_005,Night,10.97,1.0,0.88,50.76,50.67,103.51,True,True,False,53.191489361702125
2025-04-14,FL_002,OP_001,Day,15.68,1.63,1.81,31.66,50.09,66.91,False,True,False,47.38372093023256
2025-05-04,FL_007,OP_007,Night,8.04,1.68,3.27,38.28,51.17,128.19,True,False,,33.93939393939394
2025-09-23,FL_005,OP_006,Day,15.16,5.48,2.4,41.91,47.6,37.29,True,True,False,69.54314720812184
2025-10-24,FL_006,OP_005,Evening,5.48,4.22,1.48,76.22,44.82,70.8,False,True,False,74.03508771929825
2025-04-30,FL_003,OP_008,Evening,17.96,4.96,1.1,20.68,48.3,142.67,False,True,False,81.84818481848185
2025-02-14,FL_002,OP_007,Evening,14.24,4.26,3.04,62.98,50.84,107.66,False,False,False,58.35616438356164
2026-01-16,FL_003,OP_008,Day,2.08,0.28,3.21,42.82,45.17,144.8,False,True,False,8.022922636103152
2025-08-27,FL_008,OP_005,Day,5.27,5.3,0.64,55.63,45.61,102.7,True,True,False,89.22558922558922
2025-10-09,FL_005,OP_001,Night,11.36,3.31,1.7,52.02,44.78,143.07,True,True,False,66.06786427145708
2025-11-03,FL_008,OP_001,Evening,7.75,6.14,1.02,55.88,49.7,32.53,True,False,False,85.75418994413408
2025-04-25,FL_006,OP_002,Evening,10.41,5.26,1.12,68.22,44.61,36.77,False,True,False,82.44514106583073
2026-01-04,FL_002,OP_006,Evening,9.27,4.48,2.85,49.7,46.93,35.43,False,False,False,61.11869031377899
2025-08-07,FL_006,OP_007,Evening,15.11,4.72,1.82,40.62,45.01,10.5,,False,False,72.17125382262996
2025-11-20,FL_008,OP_001,Day,10.33,2.88,2.79,62.17,46.46,102.31,True,False,False,50.79365079365079
2025-11-14,FL_004,OP_002,Night,4.46,6.08,0.54,94.65,48.95,34.57,False,False,False,91.8429003021148
2025-01-21,FL_008,OP_006,Night,3.44,3.92,0.34,61.43,50.5,135.69,False,True,False,92.01877934272301
2025-06-22,FL_008,OP_008,Day,17.11,2.33,2.92,62.33,49.61,39.13,False,False,False,
2025-01-21,FL_002,OP_007,Day,12.13,6.0,1.75,46.45,47.3,12.7,True,True,False,77.41935483870967
2025-07-27,FL_006,OP_007,Day,6.56,2.63,2.72,60.65,44.72,99.52,False,False,False,49.1588785046729
2025-06-06,FL_005,OP_004,Night,7.67,5.54,1.68,66.57,47.37,149.44,False,False,,76.73130193905817
2025-07-08,FL_009,OP_006,Evening,10.24,5.39,0.26,70.85,45.35,44.07,True,False,,95.39823008849555
2026-01-11,FL_007,OP_008,Day,16.51,4.0,0.93,91.61,46.55,113.12,True,False,False,81.13590263691684
2025-06-04,FL_006,OP_007,Day,12.89,4.45,2.65,95.97,50.75,48.35,True,True,False,62.67605633802817
2026-01-20,FL_002,OP_004,Night,14.75,6.88,0.52,67.84,45.96,113.97,True,True,False,92.97297297297295
2025-07-17,FL_005,OP_006,Evening,11.68,7.67,0.31,54.06,51.08,81.59,True,True,False,96.11528822055136
2025-07-04,FL_001,OP_007,Night,6.17,0.55,0.46,98.42,44.02,145.76,False,False,False,54.45544554455446
2025-12-30,FL_010,OP_003,Evening,0.95,2.4,3.65,21.44,48.08,104.12,False,True,False,39.6694214876033
2025-03-22,FL_003,OP_002,Evening,4.18,5.9,0.97,75.05,48.34,61.38,True,True,False,85.88064046579329
2025-01-29,FL_002,OP_008,Night,13.47,0.33,2.91,84.01,48.64,119.66,False,False,False,10.185185185185183
2025-12-25,FL_001,OP_001,Night,5.19,5.93,1.51,61.23,47.69,106.24,True,False,False,79.70430107526882
2025-06-08,FL_004,OP_003,Evening,6.95,1.46,2.67,61.03,50.19,62.47,False,False,False,35.351089588377725
2025-08-13,FL_009,OP_003,Night,4.05,6.25,1.05,32.91,46.49,68.05,True,False,False,85.61643835616438
2025-10-29,FL_002,OP_002,Day,11.22,6.36,1.23,79.57,48.02,21.47,True,False,False,83.79446640316205
2025-08-02,FL_003,OP_001,Night,0.3,2.15,1.86,97.31,44.54,29.96,True,True,False,53.61596009975062
2025-04-26,FL_010,OP_001,Day,16.31,2.4,3.11,37.94,48.75,60.84,True,False,False,43.55716878402904
2025-07-28,FL_010,OP_003,Day,15.73,2.14,2.14,66.33,49.56,117.44,False,True,False,50.0
2026-01-03,FL_007,OP_007,Night,6.44,0.58,3.49,46.65,46.73,124.65,True,True,False,14.25061425061425
2025-11-11,FL_002,OP_001,Night,4.56,3.39,1.46,88.49,50.31,46.22,,False,False,69.89690721649485
2025-01-21,FL_003,OP_003,Day,6.43,3.49,0.29,95.92,47.52,61.6,False,False,False,92.32804232804233
2025-02-06,FL_010,OP_008,Day,8.02,4.2,3.74,78.73,46.49,63.95,False,,False,52.89672544080605
2025-12-12,FL_005,OP_001,Evening,15.97,2.53,0.7,78.33,44.71,73.08,False,False,False,78.32817337461299
2025-08-17,FL_003,OP_003,Night,7.94,1.16,1.82,77.83,44.27,44.98,True,False,False,38.92617449664429
2025-03-16,FL_005,OP_005,Night,6.92,1.62,1.58,94.25,51.66,91.65,False,True,False,50.625
2026-01-18,FL_004,OP_001,Evening,17.11,4.52,1.89,93.82,51.79,107.69,True,False,False,70.51482059282371
2025-04-24,FL_001,OP_003,Evening,2.25,1.99,3.52,85.14,47.39,84.8,True,False,False,36.11615245009074
2025-09-02,FL_009,OP_004,Day,14.71,4.09,2.84,82.57,44.07,120.94,True,True,False,59.01875901875901
2025-12-29,FL_001,OP_003,Evening,1.49,3.25,3.61,75.11,47.42,54.58,True,False,False,47.37609329446064
2025-02-18,FL_010,OP_008,Day,7.51,4.99,1.74,62.37,51.54,65.98,,False,False,74.14561664190194
2025-04-09,FL_008,OP_003,Night,17.48,1.06,2.66,40.57,50.8,31.78,False,True,False,28.494623655913976
2025-12-28,FL_003,OP_004,Day,12.34,6.73,0.95,50.01,50.04,11.53,False,True,False,87.63020833333333
2025-11-12,FL_005,OP_002,Day,0.25,6.03,0.46,67.56,50.42,132.27,True,True,False,92.91217257318952
2025-07-12,FL_004,OP_003,Day,2.93,2.69,3.93,47.6,51.87,46.7,True,False,False,40.63444108761329
2025-12-15,FL_008,OP_001,Night,2.18,3.69,2.24,52.39,51.68,78.67,False,False,False,62.225969645868474
2025-12-28,FL_004,OP_007,Night,5.15,3.77,1.46,32.33,45.13,135.99,True,True,False,72.08413001912045
2025-04-21,FL_002,OP_004,Night,5.67,1.03,1.23,75.53,51.55,140.72,False,False,False,45.57522123893805
2025-10-10,FL_005,OP_006,Evening,3.14,5.88,0.19,83.28,51.24,96.37,True,True,False,96.86985172981879
2025-02-14,FL_009,OP_001,Night,17.67,4.31,0.55,66.72,50.47,112.95,False,False,False,88.68312757201646
2025-09-24,FL_003,OP_001,Evening,3.35,0.8,3.23,91.21,49.95,52.21,False,False,False,19.851116625310173
2025-05-09,FL_003,OP_002,Evening,15.12,5.43,0.35,66.38,44.64,104.1,False,True,False,93.94463667820067
2025-03-12,FL_004,OP_006,Night,13.38,5.25,1.94,74.52,48.24,118.4,True,False,False,73.01808066759389
2025-02-15,FL_009,OP_001,Day,8.58,1.77,2.04,96.55,51.03,14.73,False,True,False,46.45669291338583
2025-11-25,FL_007,OP_007,Evening,7.18,4.99,2.29,81.64,44.52,32.86,False,True,False,68.54395604395604
2025-07-21,FL_007,OP_006,Night,17.31,0.1,1.93,93.04,44.93,117.89,True,True,False,4.926108374384237
2025-02-10,FL_008,OP_003,Evening,14.64,7.46,0.38,77.6,45.69,27.81,False,False,False,95.15306122448979
2026-01-16,FL_002,OP_007,Evening,6.25,2.94,1.1,88.26,45.4,44.04,False,True,False,72.77227722772277
2025-07-14,FL_004,OP_007,Day,11.82,7.41,0.16,57.74,46.67,40.69,True,False,False,97.88639365918095
2025-10-08,FL_010,OP_001,Day,17.55,4.35,0.22,81.4,44.54,87.25,False,True,False,95.18599562363238
2025-05-04,FL_010,OP_003,Evening,15.59,2.26,3.09,93.29,47.96,56.32,True,True,False,42.242990654205606
2025-10-09,FL_002,OP_001,Evening,6.29,0.31,0.4,30.59,44.05,134.92,False,True,False,43.6619718
2025-04-21,FL_005,OP_001,Night,6.53,0.97,0.4,35.74,44.32,91.57,True,True,False,70.8029197080292
2025-07-09,FL_005,OP_008,Evening,3.37,1.32,0.18,30.87,50.98,105.4,False,False,False,88.0
2025-10-09,FL_004,OP_006,Day,4.69,7.32,0.49,85.33,51.65,46.23,True,True,False,93.7259923175416
2025-07-25,FL_002,OP_004,Evening,1.01,5.84,1.57,99.23,46.53,65.56,False,True,False,78.81241565452092
2025-06-24,FL_001,OP_005,Evening,0.4,2.51,2.49,80.47,49.7,47.21,False,True,False,50.2
2025-06-04,FL_010,OP_006,Evening,17.8,3.82,3.39,45.47,44.9,73.58,False,False,False,52.98196948682386
2025-10-25,FL_006,OP_004,Evening,1.57,2.96,1.45,21.23,51.6,141.47,False,False,False,67.12018140589569
2025-12-22,FL_003,OP_006,Day,11.38,4.7,0.67,60.79,48.87,91.62,,False,False,87.52327746741153
2025-06-30,FL_005,OP_003,Day,1.99,2.24,3.92,99.0,48.63,107.84,True,True,False,36.36363636363636
2025-08-12,FL_010,OP_006,Evening,11.57,4.03,0.57,90.65,49.65,80.34,True,True,False,87.6086956521739
2025-05-31,FL_005,OP_005,Night,6.9,4.86,2.89,56.83,51.76,140.13,True,False,False,62.70967741935484
2026-01-11,FL_008,OP_002,Evening,10.88,6.87,0.77,50.65,45.26,52.0,True,True,False,89.92146596858639
2026-01-16,FL_005,OP_005,Night,10.08,3.95,0.86,63.11,49.09,111.89,True,True,False,82.12058212058211
2025-05-24,FL_001,OP_008,Evening,1.38,6.69,1.18,49.79,49.85,76.33,False,True,False,85.00635324015246
2025-06-18,FL_009,OP_001,Day,11.18,0.03,1.21,65.48,45.76,81.01,True,True,False,2.419354838709677
2025-02-28,FL_005,OP_008,Evening,4.27,2.3,3.65,88.5,45.9,122.47,False,False,,38.65546218487395
2025-05-03,FL_009,OP_002,Night,4.55,3.41,2.93,50.18,51.57,38.28,False,True,False,53.785488958990534
2025-09-22,FL_002,OP_005,Evening,4.87,6.73,0.48,38.66,50.58,40.63,True,False,False,93.34257975034673
2025-05-28,FL_003,OP_005,Evening,5.89,4.1,1.83,79.04,48.13,85.71,False,False,False,69.13996627318718
2025-03-18,FL_004,OP_006,Day,9.55,6.71,0.82,48.21,47.08,64.64,False,True,False,89.1102257636122
2025-10-18,FL_006,OP_001,Evening,13.44,4.56,3.12,42.92,46.11,25.22,True,True,False,59.375
2025-07-14,FL_006,OP_001,Evening,4.71,0.38,3.14,48.07,50.78,133.14,False,True,False,10.795454545454543
2025-12-20,FL_002,OP_007,Night,10.1,4.69,1.16,25.59,47.22,44.97,True,True,False,80.17094017094017
2025-04-13,FL_004,OP_001,Night,9.56,5.65,1.8,71.09,50.57,118.34,True,False,False,75.83892617449663
2025-07-18,FL_006,OP_001,Night,5.96,1.42,0.45,87.77,51.65,101.6,False,False,False,75.93582887700535
2025-07-01,FL_001,OP_004,Evening,4.25,5.31,2.42,48.08,44.22,75.19,False,True,False,68.69340232858991
2025-02-14,FL_003,OP_008,Evening,12.17,5.28,0.82,48.49,45.8,71.98,True,True,False,86.55737704918032
2025-02-10,FL_010,OP_004,Day,0.57,4.83,1.36,95.61,50.32,90.0,False,True,False,78.02907915993539
2025-06-18,FL_006,OP_002,Day,10.39,3.91,4.0,26.56,49.31,45.6,True,True,False,49.43109987357775
2026-01-07,FL_007,OP_006,Evening,2.53,4.86,0.92,24.15,51.74,11.55,False,False,False,84.08304498269896
2025-09-11,FL_009,OP_002,Evening,15.99,1.22,1.41,38.8,49.92,61.81,True,False,False,46.38783269961977
2025-10-27,FL_001,OP_007,Evening,4.03,0.78,2.66,42.17,47.47,106.71,False,False,False,22.67441860465116
2025-08-12,FL_008,OP_005,Day,5.07,1.05,3.73,34.49,46.77,123.51,False,False,False,
2025-08-30,FL_004,OP_006,Night,14.74,2.61,0.95,74.67,49.28,35.7,True,False,False,73.31460674157303
2025-08-18,FL_009,OP_003,Evening,9.09,3.38,2.48,22.91,49.49,120.42,True,False,False,57.679180887372006
2025-07-27,FL_008,OP_007,Evening,1.75,0.63,2.9,74.12,45.56,108.37,False,False,False,17.847025495750707
2025-04-26,FL_003,OP_005,Day,13.04,1.95,3.04,27.73,49.48,73.81,False,False,False,39.07815631262525
2025-10-25,FL_002,OP_007,Day,7.97,4.82,2.47,89.82,45.3,120.53,False,True,False,66.11796982167353
2025-06-30,FL_001,OP_006,Night,9.13,0.85,1.49,42.71,50.5,69.92,False,True,False,36.32478632478632
2025-08-24,FL_007,OP_008,Evening,2.45,3.61,3.66,70.99,48.2,19.28,False,True,False,49.65612104539201
2025-01-27,FL_008,OP_007,Evening,17.95,4.61,2.25,64.78,45.42,16.53,True,False,False,67.20116618075802
2025-12-11,FL_008,OP_003,Night,11.41,4.05,1.1,28.59,47.2,121.55,True,True,False,78.64077669902912
2026-01-20,FL_010,OP_001,Night,15.41,2.73,0.99,78.18,44.8,141.77,False,False,False,73.38709677419354
2025-07-17,FL_003,OP_002,Evening,7.26,3.07,0.49,77.7,45.81,16.03,True,False,False,86.23595505617978
2025-05-09,FL_001,OP_002,Evening,11.61,2.33,1.81,62.83,44.88,77.2,True,False,False,56.28019323671498
2025-12-13,FL_007,OP_008,Night,7.95,2.43,0.79,41.43,44.74,83.21,False,True,False,75.46583850931677
2025-11-23,FL_010,OP_007,Day,11.58,4.49,0.56,82.71,48.45,12.41,True,True,False,88.91089108910892
2025-02-08,FL_007,OP_005,Evening,5.01,4.31,3.49,56.62,45.17,59.24,,True,False,55.256410256410255
2025-02-09,FL_005,OP_001,Evening,2.19,1.97,0.61,43.16,48.35,54.46,True,False,False,76.35658914728681
2025-10-06,FL_008,OP_003,Night,0.05,2.94,0.49,32.96,48.74,56.02,True,False,False,85.71428571428571
2025-03-21,FL_004,OP_004,Night,10.08,0.05,2.28,56.74,51.6,132.41,True,True,False,2.145922746781116
2025-05-25,FL_002,OP_008,Day,9.29,0.89,2.28,36.21,44.32,116.26,False,False,False,28.075709779179807
2025-05-21,FL_003,OP_005,Night,17.4,0.1,1.76,61.18,44.85,125.4,False,True,False,5.376344086021505
2025-05-22,FL_008,OP_004,Evening,16.65,0.72,3.74,48.82,49.37,138.08,False,True,False,16.14349775784753
2025-03-04,FL_010,OP_007,Night,16.0,1.97,2.22,38.11,49.73,47.1,False,False,False,47.01670644391408
2025-11-13,FL_009,OP_007,Evening,11.06,0.21,2.66,97.84,46.7,59.49,False,False,False,7.317073170731708
2025-09-28,FL_001,OP_008,Night,15.38,4.11,3.18,66.51,46.42,85.47,False,True,False,56.378600823045275
2025-11-05,FL_005,OP_008,Day,1.48,0.21,1.47,35.86,44.88,23.81,True,False,False,12.5
2025-03-28,FL_002,OP_007,Day,14.64,0.62,0.1,34.75,48.93,138.01,True,False,False,86.1111111
2025-03-20,FL_007,OP_004,Day,5.59,3.14,3.7,34.19,46.16,58.55,False,True,False,45.90643274853801
2025-05-06,FL_008,OP_008,Day,12.4,3.04,2.28,72.82,45.95,81.69,True,False,False,57.14285714285714
2025-10-26,FL_006,OP_005,Night,9.83,4.82,1.44,78.13,49.63,18.34,True,False,False,76.99680511182109
2025-08-11,FL_010,OP_004,Night,1.86,3.37,1.39,28.73,46.38,115.04,True,False,False,70.7983193277311
2025-03-28,FL_006,OP_001,Evening,13.61,1.34,3.63,82.64,45.85,119.38,False,True,False,26.961770623742453
2025-03-06,FL_002,OP_002,Day,16.08,3.6,1.18,45.92,45.9,50.74,True,False,False,75.31380753138075
2025-11-17,FL_005,OP_003,Day,10.0,1.6,3.36,37.95,50.7,112.79,,True,False,32.25806451612903
2025-06-28,FL_004,OP_002,Day,14.86,0.55,1.78,27.18,50.55,117.5,False,True,False,23.605150214592275
2025-11-30,FL_005,OP_006,Evening,10.27,2.92,1.21,55.6,46.63,124.15,True,True,False,70.70217917675545
2025-08-05,FL_003,OP_004,Day,5.81,2.82,1.18,47.8,48.03,55.89,True,False,False,70.5
2026-01-12,FL_008,OP_004,Evening,10.25,1.57,1.05,45.6,49.76,79.19,False,False,False,59.92366412213741
2025-06-05,FL_007,OP_003,Night,1.05,4.61,0.9,82.23,46.4,14.24,True,False,False,83.66606170598911
2025-10-12,FL_002,OP_002,Night,14.27,1.07,0.17,58.65,49.8,25.22,False,False,False,86.29032258064515
2025-12-23,FL_003,OP_008,Day,3.21,1.31,2.04,64.87,47.52,12.0,,False,False,39.1044776119403
2025-02-01,FL_004,OP_007,Day,8.49,4.0,0.91,38.13,46.51,132.57,False,True,False,81.46639511201629
2025-02-13,FL_003,OP_008,Day,5.98,1.6,1.07,39.3,45.88,112.44,,False,False,59.9250936329588
2025-08-12,FL_003,OP_001,Night,10.79,5.37,2.12,23.85,50.71,129.74,False,False,False,71.69559412550066
2025-09-20,FL_007,OP_007,Evening,13.03,2.34,3.34,60.6,47.4,145.29,False,False,False,41.197183098591545
2025-10-07,FL_005,OP_007,Day,10.17,1.2,0.02,97.45,44.55,75.84,False,True,False,98.36065573770493
2025-03-16,FL_001,OP_007,Evening,3.71,2.45,3.8,60.53,47.15,143.57,False,True,False,39.2
2025-07-01,FL_008,OP_005,Night,12.4,2.31,1.37,49.47,50.48,58.14,True,True,False,62.77173913043478
2025-08-26,FL_006,OP_006,Night,12.32,7.16,0.12,50.61,47.34,44.47,True,True,,98.35164835164835
2025-11-05,FL_009,OP_001,Night,12.56,4.83,0.89,81.38,48.44,74.01,True,False,False,84.44055944055944
2025-11-29,FL_005,OP_008,Night,13.42,3.97,3.75,62.85,50.79,72.29,True,True,False,51.42487046632124
2025-10-27,FL_007,OP_003,Day,17.88,1.91,2.46,53.28,44.09,149.88,False,False,False,
2025-02-11,FL_001,OP_003,Evening,8.23,1.08,0.5,62.9,49.07,12.9,True,False,False,68.35443037974684
2025-04-30,FL_009,OP_006,Night,5.24,0.74,2.71,91.98,47.07,49.41,True,True,False,21.44927536231884
2025-04-06,FL_002,OP_005,Evening,15.5,3.75,0.37,42.41,50.89,129.55,False,True,False,91.01941747572816
2025-04-15,FL_007,OP_005,Evening,3.2,0.26,3.75,55.7,44.8,62.27,True,True,False,6.4837905236907725
2026-01-07,FL_005,OP_003,Night,13.42,7.41,0.1,43.46,47.76,130.33,False,False,False,
2025-12-03,FL_002,OP_005,Day,6.38,2.8,3.29,95.48,51.28,102.99,True,True,False,45.97701149425287
2025-02-26,FL_005,OP_006,Day,16.51,1.6,2.2,76.65,47.72,110.22,False,False,False,42.10526315789473
2025-09-07,FL_007,OP_004,Night,1.47,0.42,0.06,91.95,48.8,85.02,False,True,False,87.5
2025-07-10,FL_005,OP_002,Night,12.71,0.41,3.91,45.8,50.95,27.42,True,,False,9.490740740740739
2025-04-03,FL_009,OP_002,Night,17.03,4.59,3.25,38.41,47.09,76.38,False,True,False,58.545918367346935
2025-12-23,FL_002,OP_005,Evening,1.28,1.44,1.45,92.75,48.01,29.63,False,True,False,49.82698961937716
2025-01-27,FL_005,OP_001,Day,0.38,3.44,1.33,89.38,44.04,88.99,False,False,False,72.11740041928722
2025-02-03,FL_002,OP_001,Day,6.64,2.76,1.19,31.6,44.19,25.62,True,False,False,69.87341772151899
2025-01-27,FL_006,OP_003,Night,12.57,3.37,0.8,27.45,46.23,75.55,True,True,False,80.81534772182255
2025-03-22,FL_004,OP_004,Night,16.28,0.25,3.82,90.6,51.64,18.18,False,True,False,6.142506142506143
2025-07-27,FL_003,OP_007,Evening,7.38,2.57,1.87,77.13,45.15,79.08,False,False,False,57.88288288288288
2025-02-25,FL_002,OP_007,Night,6.67,5.05,0.77,86.31,45.82,135.57,False,False,False,86.76975945017182
2025-10-24,FL_005,OP_006,Evening,8.56,0.32,0.32,31.55,46.76,66.05,True,False,False,50.0
2026-01-15,FL_008,OP_006,Evening,15.53,5.39,0.94,61.14,45.44,43.58,False,True,False,85.15007898894153
2025-07-16,FL_010,OP_001,Day,12.67,1.6,1.62,47.88,47.07,12.26,False,False,False,49.689440993788814
2025-11-19,FL_010,OP_003,Day,13.93,0.67,1.82,21.86,44.17,84.31,True,True,False,26.907630522088358
2025-04-29,FL_005,OP_007,Evening,8.36,0.54,0.95,39.94,46.9,12.16,False,True,False,36.241610738255034
2025-02-15,FL_002,OP_005,Night,12.75,5.81,0.52,57.49,46.29,126.43,False,True,False,91.78515007898895
2025-06-04,FL_004,OP_002,Evening,4.66,1.87,2.65,53.81,49.65,128.69,True,True,False,41.3716814159292
2025-08-08,FL_007,OP_003,Evening,2.99,0.84,1.92,67.57,46.7,50.27,True,True,False,30.43478260869565
2025-11-26,FL_007,OP_004,Evening,5.66,7.34,0.55,68.12,49.19,108.05,False,False,False,93.02915082382764
2025-02-07,FL_006,OP_008,Evening,7.78,2.01,2.89,65.58,48.52,32.5,False,True,False,41.0204081632653
2025-04-08,FL_008,OP_007,Evening,14.71,4.06,1.69,22.91,46.52,76.93,False,False,False,70.6086956521739
2025-05-18,FL_009,OP_007,Evening,11.11,2.76,3.35,89.65,50.34,11.95,False,False,False,45.171849427168574
2025-10-19,FL_010,OP_004,Day,12.23,1.05,0.89,27.93,44.81,148.68,False,False,False,54.123711340206185
2025-03-16,FL_003,OP_004,Night,13.59,1.3,2.91,31.51,45.23,101.2,False,False,False,30.878859857482183
2025-06-28,FL_007,OP_008,Evening,9.4,0.23,3.82,77.53,48.02,116.93,False,True,False,5.679012345679012
2025-08-23,FL_007,OP_008,Evening,1.53,4.6,2.86,96.97,50.86,53.46,True,False,False,61.662198391420915
2025-03-13,FL_007,OP_006,Night,17.22,3.63,3.87,52.33,49.12,58.12,True,True,False,48.4
2025-11-07,FL_010,OP_002,Day,8.76,6.75,0.07,41.36,51.34,146.64,True,True,False,98.97360703812316
2025-11-05,FL_006,OP_002,Night,13.63,5.99,0.17,92.54,47.07,69.23,False,False,False,97.24025974025975
2025-09-30,FL_002,OP_007,Day,2.56,1.57,1.18,98.37,44.94,18.94,False,True,False,57.090909090909086
2025-10-16,FL_008,OP_001,Night,10.6,3.25,3.77,71.56,50.64,106.92,True,True,False,46.2962962962963
2025-11-21,FL_009,OP_002,Evening,1.39,1.23,0.61,45.08,48.05,88.57,False,True,False,66.84782608695652
2025-12-12,FL_001,OP_001,Day,16.58,1.43,1.04,34.43,49.92,13.02,False,True,False,57.89473684210527
2025-03-30,FL_003,OP_004,Evening,16.61,7.05,0.31,54.23,47.04,97.96,False,False,False,95.78804347826087
2025-11-15,FL_002,OP_005,Evening,10.61,1.38,1.98,80.84,46.57,91.91,False,True,False,41.07142857142857
2025-08-03,FL_005,OP_005,Evening,14.37,4.55,2.16,61.85,51.38,126.32,True,False,False,67.80923994038749
2025-12-17,FL_007,OP_008,Day,0.96,0.37,1.11,28.41,44.69,48.5,False,True,False,25.0
2025-02-11,FL_008,OP_006,Evening,1.62,4.99,0.03,50.98,47.9,71.44,False,False,False,99.40239043824701
2025-08-30,FL_006,OP_004,Evening,5.15,1.32,0.89,83.78,48.8,25.31,False,False,False,59.72850678733032
2025-11-22,FL_002,OP_005,Night,12.52,5.7,1.17,81.32,49.59,123.93,True,True,False,82.96943231441048
2025-07-30,FL_003,OP_003,Night,7.7,4.11,0.86,62.29,50.77,20.49,True,True,False,82.69617706237425
2025-09-17,FL_009,OP_008,Evening,5.91,3.46,1.59,43.35,51.01,25.31,True,False,False,68.51485148514851
2025-05-11,FL_002,OP_005,Day,0.2,2.74,1.98,20.94,45.1,34.65,True,True,False,58.05084745762712
2025-07-25,FL_008,OP_007,Night,3.36,3.76,2.42,83.2,47.24,24.17,False,False,False,60.84142394822006
2025-04-08,FL_005,OP_002,Night,6.75,2.86,3.17,56.52,46.88,54.2,True,False,False,47.42951907131012
2025-10-13,FL_003,OP_008,Night,11.03,3.4,2.89,49.35,47.56,120.69,True,False,False,54.05405405405405
2025-02-06,FL_003,OP_005,Evening,1.47,0.59,3.4,64.02,50.04,43.06,True,False,False,14.786967418546364
2025-01-30,FL_006,OP_005,Night,12.82,0.24,2.19,79.09,47.47,117.95,True,True,False,9.876543209876544
2025-02-12,FL_009,OP_004,Night,11.96,3.45,3.25,73.29,44.84,37.53,False,True,False,51.49253731343284
2025-06-25,FL_001,OP_007,Evening,10.58,3.8,0.39,60.66,46.32,27.95,True,True,False,90.69212410501191
2025-04-13,FL_002,OP_006,Night,5.25,1.15,1.88,92.27,49.31,62.24,False,False,False,37.95379537953795
2025-10-20,FL_001,OP_006,Evening,3.22,3.87,2.97,84.22,49.95,39.92,True,False,False,56.57894736842105
2025-06-13,FL_006,OP_003,Night,0.1,4.64,1.16,72.24,45.42,42.17,False,True,False,80.0
2025-08-25,FL_004,OP_001,Night,16.33,5.36,0.05,28.62,48.99,66.56,True,False,False,99.07578558225507
2025-10-05,FL_001,OP_002,Evening,9.37,2.12,2.4,64.47,50.06,15.55,True,False,False,46.90265486725664
2025-06-20,FL_006,OP_008,Day,2.9,7.0,0.39,74.04,49.36,56.3,True,False,False,94.72259810554803
2025-07-12,FL_010,OP_004,Night,12.26,6.6,1.1,94.81,50.78,30.1,True,True,False,85.71428571428571
2025-09-17,FL_007,OP_003,Evening,11.8,1.38,0.85,43.53,51.89,82.69,True,False,False,61.88340807174888
2025-02-24,FL_009,OP_001,Day,2.8,1.66,1.32,99.18,47.15,96.4,False,False,False,55.70469798657719
2025-05-19,FL_010,OP_001,Night,0.47,0.49,3.07,27.4,49.98,78.96,False,True,False,13.764044943820224
2025-08-28,FL_007,OP_008,Evening,7.02,4.0,0.09,71.02,44.28,90.98,False,,False,97.79951100244497
2025-11-09,FL_004,OP_006,Day,16.59,3.01,0.93,84.54,50.17,143.2,False,True,False,76.39593908629442
2025-03-18,FL_001,OP_005,Day,1.76,5.61,1.59,83.58,44.28,22.74,True,True,False,77.91666666666666
2025-06-17,FL_007,OP_005,Day,1.74,5.28,1.33,66.95,45.38,29.37,True,,False,79.87897125567322
2025-04-24,FL_010,OP_007,Day,13.63,4.49,2.83,55.28,45.99,103.65,False,True,False,61.338797814207645
2025-11-10,FL_007,OP_001,Night,0.87,3.65,1.54,38.56,44.96,86.1,True,True,False,70.32755298651253
2025-06-16,FL_010,OP_006,Evening,1.16,0.8,1.59,79.1,47.64,12.22,False,True,False,33.47280334728033
2025-08-03,FL_001,OP_003,Evening,5.23,0.72,3.53,26.5,50.46,88.23,True,False,False,16.941176470588236
2025-04-07,FL_004,OP_006,Evening,7.11,3.37,1.41,91.41,51.11,143.34,False,False,False,70.50209205020921
2025-05-20,FL_009,OP_001,Night,8.88,1.77,2.06,81.5,47.41,76.4,True,False,False,46.214099216710174
2025-12-09,FL_002,OP_006,Day,16.83,2.5,2.69,77.47,47.72,137.99,True,False,False,48.16955684007707
2025-06-30,FL_008,OP_003,Evening,8.68,1.6,2.72,90.29,50.75,107.08,True,True,False,37.03703703703704
2025-04-07,FL_010,OP_002,Evening,13.47,3.21,2.29,23.24,46.22,41.84,False,True,False,58.36363636363636
2025-11-23,FL_009,OP_007,Night,12.16,4.33,0.07,91.58,47.66,109.73,True,False,False,98.4090909090909
2025-10-12,FL_001,OP_003,Day,4.87,5.48,2.07,32.18,50.86,112.83,True,False,False,72.58278145695363
2026-01-17,FL_006,OP_008,Day,12.15,5.03,0.42,68.24,45.2,135.39,True,,False,92.29357798165135
2025-11-03,FL_007,OP_007,Day,13.1,5.71,0.71,56.35,48.08,71.76,True,True,False,88.94080996884735
2025-12-30,FL_008,OP_008,Evening,6.8,1.86,2.32,44.22,51.35,143.78,False,False,False,44.49760765550239
2025-04-25,FL_002,OP_008,Night,7.49,4.79,3.11,92.55,46.38,107.07,True,True,False,60.632911392405056
2025-09-16,FL_002,OP_004,Day,6.49,3.17,2.81,97.97,48.81,24.43,True,True,False,53.010033444816045
2025-01-21,FL_007,OP_003,Day,4.81,2.7,2.49,88.62,47.77,65.39,True,True,False,52.02312138728324
2025-04-07,FL_001,OP_005,Night,0.82,2.75,3.09,65.87,47.01,96.2,True,False,,47.08904109589041
2025-03-31,FL_007,OP_002,Day,3.36,2.14,0.82,50.39,49.89,48.33,False,True,False,72.29729729729729
2025-04-11,FL_003,OP_008,Night,5.58,7.1,0.7,62.31,50.88,120.93,False,False,False,91.02564102564102
2025-08-13,FL_003,OP_008,Day,12.25,3.96,1.02,90.12,48.05,28.19,True,True,False,79.51807228915662
2025-08-06,FL_009,OP_007,Night,3.69,3.02,3.89,53.87,47.25,115.42,True,True,False,43.70477568740955
2025-11-25,FL_008,OP_006,Evening,5.81,4.11,1.08,36.33,46.41,131.3,False,False,False,79.1907514450867
2025-07-29,FL_008,OP_008,Day,16.5,2.67,1.58,81.49,48.46,129.73,False,True,False,62.82352941176471
2025-11-11,FL_004,OP_006,Day,9.1,1.7,1.57,44.28,44.75,102.21,False,True,False,51.98776758409785
2025-09-10,FL_004,OP_003,Night,6.86,4.57,0.65,88.87,49.76,15.37,True,True,False,87.5478927203065
2025-05-23,FL_004,OP_003,Day,10.2,3.93,1.68,89.2,45.42,27.11,True,False,False,70.05347593582889
2025-11-09,FL_008,OP_008,Night,15.02,6.34,0.01,98.36,50.46,10.42,True,True,False,99.84251968503936
2025-01-24,FL_010,OP_001,Night,9.28,0.18,1.67,81.1,46.28,72.98,,False,False,9.729729729729728
2025-02-13,FL_007,OP_003,Night,0.54,6.5,1.27,63.9,46.04,40.99,True,False,False,83.65508365508364
2025-05-18,FL_005,OP_008,Evening,10.95,0.09,0.7,44.11,46.7,113.06,True,False,False,11.3924051
2025-11-09,FL_010,OP_002,Night,0.96,0.85,3.51,43.86,48.5,148.67,False,False,False,19.495412844036696
2025-07-08,FL_001,OP_006,Day,14.29,3.61,0.38,21.53,51.59,30.26,True,False,,90.47619047619048
2025-06-13,FL_008,OP_008,Day,10.87,1.99,2.52,89.77,50.34,134.6,True,False,False,44.12416851441242
2025-08-02,FL_010,OP_002,Day,14.47,5.15,1.44,29.94,47.65,91.72,True,False,False,78.14871016691957
2025-05-17,FL_001,OP_005,Night,16.23,2.55,0.3,86.16,50.88,122.68,True,True,False,89.4736842105263
2025-11-16,FL_010,OP_006,Evening,5.04,5.09,2.3,96.87,44.21,37.02,False,True,False,68.87686062246279
2025-09-05,FL_004,OP_002,Evening,13.32,1.0,3.21,50.89,48.36,104.1,False,True,False,23.752969121140143
2025-10-11,FL_009,OP_008,Evening,15.76,4.75,1.46,79.03,44.03,50.03,False,False,False,76.48953301127214
2025-06-30,FL_004,OP_005,Day,0.97,2.74,2.56,67.36,46.61,78.29,False,True,False,51.698113207547166
2025-04-18,FL_005,OP_001,Day,17.51,7.01,0.68,21.41,46.64,16.69,False,True,False,91.15734720416125
2025-03-23,FL_004,OP_002,Day,13.51,1.5,2.44,39.32,46.67,108.9,True,False,False,38.07106598984772
2025-04-24,FL_004,OP_007,Day,5.8,4.89,2.61,78.05,45.38,39.01,True,False,False,65.2
2025-09-26,FL_002,OP_005,Day,1.84,2.8,1.16,91.82,45.73,23.59,False,True,False,70.70707070707071
2025-05-08,FL_009,OP_006,Evening,2.03,2.97,2.04,51.9,51.65,10.21,False,True,False,59.281437125748496
2025-05-19,FL_008,OP_008,Day,10.98,1.62,2.75,89.0,48.33,23.0,True,False,False,37.07093821510298
2025-08-02,FL_002,OP_007,Evening,14.02,6.2,0.86,48.22,47.01,67.99,True,False,False,87.81869688385268
2025-04-23,FL_006,OP_007,Evening,1.09,4.18,1.79,22.5,44.5,95.39,True,True,False,70.01675041876047
2025-12-27,FL_003,OP_008,Day,17.54,0.22,1.61,99.02,46.38,68.82,False,True,False,
2025-07-14,FL_009,OP_002,Night,6.23,4.39,0.6,66.38,51.92,46.44,False,True,False,87.97595190380761
2025-09-02,FL_002,OP_004,Day,16.06,1.04,1.37,29.0,48.46,59.34,True,False,False,
2026-01-07,FL_008,OP_005,Evening,9.23,1.83,3.39,21.26,44.71,10.41,False,False,False,35.05747126436781
2025-06-17,FL_003,OP_004,Night,12.22,0.31,2.62,32.44,48.21,108.68,True,True,False,10.580204778156997
2025-04-30,FL_004,OP_003,Night,16.07,5.74,0.71,30.37,44.34,56.39,False,False,False,88.9922480620155
2025-07-07,FL_004,OP_003,Night,8.25,1.36,2.63,62.7,46.22,15.87,,True,False,34.08521303258145
2025-10-07,FL_004,OP_006,Evening,10.34,4.06,1.3,90.6,50.37,50.95,False,True,False,75.74626865671641
2025-10-16,FL_009,OP_006,Day,8.55,4.77,1.66,91.23,47.14,75.47,True,True,False,74.18351477449454
2025-12-21,FL_005,OP_001,Evening,11.1,0.27,2.02,88.31,44.15,83.58,True,True,False,11.790393013100436
2025-09-13,FL_006,OP_006,Evening,16.45,1.09,2.5,84.96,46.29,137.17,True,True,False,30.36211699164345
2025-08-27,FL_007,OP_002,Night,5.14,4.07,3.8,45.77,44.34,106.78,False,True,False,51.715374841169
2025-12-09,FL_003,OP_007,Night,15.08,5.74,0.0,52.89,44.63,53.39,True,False,False,100.0
2025-07-06,FL_009,OP_007,Evening,7.22,2.28,3.23,69.83,44.95,99.47,False,False,False,41.379310344827594
2025-12-31,FL_008,OP_005,Evening,1.75,6.86,0.4,33.41,48.41,67.09,False,True,,94.49035812672176
2025-06-14,FL_006,OP_005,Evening,5.3,4.41,0.95,56.46,49.74,45.7,False,False,False,82.27611940298507
2025-03-09,FL_006,OP_004,Night,6.32,1.0,2.83,43.35,46.61,69.41,False,True,False,26.109660574412526
2025-08-25,FL_008,OP_002,Day,5.92,1.93,0.9,56.74,46.07,147.14,False,True,False,68.19787985865725
2025-06-12,FL_002,OP_008,Evening,13.23,5.69,0.15,64.66,47.24,149.18,True,False,False,97.43150684931507
2025-06-12,FL_010,OP_005,Day,10.29,2.95,2.57,92.14,50.92,19.35,False,True,False,53.44202898550725
2025-05-19,FL_004,OP_004,Evening,10.25,1.46,0.5,77.19,48.18,139.47,True,False,False,74.48979591836735
2025-09-27,FL_002,OP_007,Night,10.71,4.46,0.46,99.52,44.09,120.66,False,False,False,90.65040650406505
2025-09-10,FL_008,OP_001,Night,11.84,3.04,2.09,70.65,48.43,84.46,True,True,False,59.25925925925926
2025-07-28,FL_007,OP_002,Day,8.43,4.8,1.54,47.34,46.65,138.77,True,True,False,75.70977917981072
2025-02-23,FL_002,OP_002,Evening,17.32,0.53,1.11,29.94,50.92,80.34,True,False,False,32.31707317073171
2026-01-10,FL_009,OP_004,Day,17.88,4.57,0.2,27.84,49.51,94.76,False,False,False,95.80712788259959
2025-04-16,FL_007,OP_005,Day,17.24,6.77,1.18,99.15,46.42,135.82,False,True,False,85.15723270440252
2025-10-02,FL_006,OP_001,Night,13.37,7.4,0.07,22.93,46.87,92.13,False,False,False,99.06291834002676
2025-08-08,FL_009,OP_008,Night,16.6,3.0,3.6,37.22,45.95,53.06,False,True,False,45.45454545454545
2025-05-12,FL_009,OP_007,Night,12.55,6.69,0.27,48.68,46.93,140.41,False,False,False,96.1206896551724
2025-09-08,FL_007,OP_001,Night,1.35,0.64,2.97,45.48,50.8,134.26,False,True,False,17.728531855955676
2025-10-10,FL_002,OP_002,Day,14.01,5.05,2.37,52.69,51.87,43.34,True,False,False,68.05929919137466
2025-07-01,FL_010,OP_001,Night,15.52,0.18,2.17,57.15,51.64,109.59,False,False,False,7.659574468085106
2025-01-28,FL_003,OP_005,Night,4.85,3.38,0.3,53.8,48.54,29.76,True,True,False,91.84782608695652
2025-12-15,FL_001,OP_006,Night,12.29,5.16,1.03,52.84,48.43,58.85,False,False,False,83.36025848142164
2025-11-10,FL_010,OP_006,Evening,3.45,0.49,2.15,79.82,49.86,73.5,False,False,,18.56060606060606
2025-03-16,FL_009,OP_002,Night,17.57,4.45,1.29,26.27,46.0,40.58,True,True,False,77.52613240418118
2025-10-17,FL_008,OP_005,Night,16.58,4.84,0.56,59.03,49.87,124.23,True,False,False,89.62962962962963
2025-12-30,FL_005,OP_001,Day,14.58,6.74,0.1,69.8,45.01,79.61,True,False,False,98.53801169590643
2025-10-10,FL_001,OP_004,Day,2.51,3.88,1.93,99.85,44.88,129.69,False,True,False,66.78141135972461
2026-01-18,FL_007,OP_002,Evening,14.46,0.41,2.23,57.65,45.83,123.63,False,False,False,15.53030303030303
2025-08-17,FL_006,OP_006,Night,16.0,3.91,2.78,34.26,45.1,41.76,True,False,False,58.44544095665172
2025-10-12,FL_010,OP_002,Day,4.74,4.91,2.63,35.43,50.82,49.44,False,True,False,65.11936339522546
2025-08-25,FL_005,OP_001,Evening,15.44,5.97,1.19,29.36,47.72,91.15,False,False,False,83.37988826815642
2025-07-12,FL_007,OP_004,Evening,2.67,3.04,1.35,55.03,50.36,43.77,False,True,False,69.248291571754
2025-09-29,FL_006,OP_004,Day,10.02,5.11,2.14,64.96,46.58,134.13,True,True,False,70.48275862068965
2025-10-14,FL_008,OP_003,Evening,11.09,4.91,1.77,93.85,50.32,127.48,False,True,False,73.50299401197603
2025-08-03,FL_004,OP_006,Evening,8.92,5.05,0.59,99.32,48.4,26.45,True,False,False,89.53900709219857
2025-10-02,FL_004,OP_004,Night,12.54,3.57,2.73,78.79,45.27,136.71,False,True,False,56.666666666666664
2025-07-20,FL_009,OP_007,Evening,9.89,4.24,0.72,88.19,49.49,88.58,False,True,False,85.48387096774194
2025-10-20,FL_005,OP_002,Night,16.99,2.8,2.31,41.72,46.1,11.38,True,True,False,54.79452054794521
2025-12-04,FL_008,OP_004,Day,17.79,1.1,0.49,28.42,48.33,131.89,True,True,False,69.18238993710692
2025-08-05,FL_008,OP_002,Day,4.63,3.17,0.98,47.18,47.05,60.79,False,True,False,76.38554216867469
2025-07-31,FL_007,OP_002,Night,0.74,3.64,1.05,97.62,47.64,52.56,True,True,False,77.61194029850746
2025-08-31,FL_006,OP_003,Night,8.35,0.66,3.19,30.2,45.85,30.6,False,True,False,17.142857142857142
2025-02-28,FL_010,OP_005,Night,12.27,2.14,0.67,28.46,45.61,58.6,True,False,False,76.15658362989325
2025-12-31,FL_002,OP_003,Evening,15.72,2.17,0.38,31.01,48.06,79.02,False,True,False,85.09803921568627
2025-11-29,FL_002,OP_002,Night,6.13,1.84,3.59,80.18,49.35,136.71,False,True,False,33.88581952117864
2025-11-15,FL_006,OP_002,Night,5.2,1.17,0.67,78.55,44.71,92.45,True,False,False,63.586956521739125
2025-10-09,FL_001,OP_001,Night,8.42,1.12,1.25,34.26,46.21,127.05,False,True,False,47.25738396624473
2025-09-20,FL_009,OP_005,Day,8.63,3.02,1.51,85.23,44.57,104.33,False,False,False,66.66666666666666
2025-09-26,FL_006,OP_003,Night,15.66,1.42,1.04,46.7,47.67,27.81,False,True,False,57.72357723577236
2025-11-06,FL_002,OP_007,Night,0.18,0.26,1.68,85.81,47.98,111.69,False,True,False,13.402061855670103
2025-03-22,FL_006,OP_007,Evening,9.91,2.42,2.15,52.53,47.17,50.52,True,False,False,52.95404814004376
2025-07-25,FL_005,OP_007,Day,17.58,6.89,0.89,28.53,44.46,19.63,False,False,False,88.56041131105398
2026-01-10,FL_004,OP_003,Day,9.12,3.4,1.92,76.57,44.44,126.09,True,False,False,63.90977443609023
2025-03-11,FL_003,OP_007,Day,1.42,0.31,1.5,99.67,46.62,134.7,False,True,False,17.12707182320442
2025-07-04,FL_006,OP_006,Day,12.41,1.51,3.21,99.76,51.96,134.51,True,False,False,31.991525423728813
2025-06-26,FL_004,OP_005,Night,15.23,0.94,0.43,67.62,46.82,144.31,False,False,False,68.61313868613138
2026-01-09,FL_009,OP_002,Evening,1.67,0.29,1.44,54.82,45.54,149.68,False,False,False,16.76300578034682
2025-02-15,FL_004,OP_003,Evening,5.73,2.94,2.36,58.19,46.11,48.08,True,False,False,55.471698113207545
2025-07-19,FL_008,OP_002,Night,10.09,5.19,0.53,50.45,45.27,34.14,True,True,False,90.73426573426573
2025-04-03,FL_003,OP_002,Day,17.71,4.84,0.45,68.03,50.8,143.52,True,True,False,91.49338374291116
2025-02-16,FL_004,OP_003,Night,16.67,7.7,0.26,41.46,49.97,134.73,True,True,False,96.73366834170855
2025-06-07,FL_002,OP_004,Day,11.57,0.45,3.29,36.25,44.81,29.54,True,False,False,12.032085561497325
2025-09-19,FL_003,OP_002,Day,15.56,7.18,0.1,37.55,51.68,79.84,True,True,False,98.62637362637362
2025-08-10,FL_001,OP_005,Night,16.82,2.19,3.78,37.73,44.06,145.61,False,True,False,36.68341708542714
2025-05-15,FL_002,OP_006,Evening,2.26,0.72,2.31,47.9,48.13,46.62,True,True,False,23.76237623762376
2025-06-18,FL_008,OP_007,Day,10.25,2.69,3.44,96.89,46.96,48.43,True,True,False,43.88254486133768
2025-12-01,FL_010,OP_001,Evening,4.08,4.92,2.54,46.58,48.36,105.46,False,False,False,65.95174262734584
2025-08-09,FL_001,OP_008,Evening,6.36,0.03,0.37,83.61,44.12,129.26,True,True,False,7.5
2025-10-17,FL_003,OP_008,Evening,2.43,2.94,0.04,74.36,50.56,141.3,True,False,False,98.65771812080537
2025-02-04,FL_001,OP_008,Day,14.71,2.8,2.55,43.37,48.52,114.66,True,True,False,52.33644859813084
2025-05-19,FL_002,OP_005,Day,3.68,6.93,0.15,94.36,46.62,73.21,False,False,False,97.88135593220339
2025-07-03,FL_007,OP_006,Day,2.06,1.4,2.03,56.83,47.88,50.13,True,True,False,40.81632653061224
2025-08-16,FL_007,OP_004,Night,9.12,4.0,3.78,43.57,47.11,115.85,True,False,False,51.41388174807198
2025-04-10,FL_006,OP_008,Night,1.33,7.07,0.03,86.65,44.62,141.01,True,True,False,99.5774647887324
2025-07-18,FL_002,OP_003,Day,8.72,2.95,2.91,71.76,44.56,60.88,False,True,False,50.34129692832765
2025-11-04,FL_008,OP_007,Night,5.18,3.97,0.15,61.35,50.51,120.94,False,True,False,96.35922330097088
2025-12-24,FL_009,OP_006,Night,10.33,6.24,0.97,81.14,50.52,66.35,False,False,False,86.54646324549236
2025-06-28,FL_001,OP_008,Day,3.64,2.74,1.02,84.59,48.7,28.88,True,False,False,72.8723404255319
2025-09-06,FL_010,OP_005,Night,8.46,1.47,3.46,33.22,51.32,11.35,True,True,False,29.817444219066935
2025-04-29,FL_008,OP_007,Evening,4.97,4.71,1.07,62.9,45.89,99.25,True,True,False,81.4878892733564
2025-12-15,FL_003,OP_002,Evening,16.26,0.02,3.09,39.99,49.19,29.54,True,False,False,0.6430868167202572
2025-08-07,FL_007,OP_006,Night,9.4,3.74,3.79,81.21,50.32,90.11,True,False,False,49.667994687915005
2025-11-24,FL_010,OP_003,Day,10.91,4.35,2.04,47.4,44.43,70.54,True,False,False,68.07511737089202
2025-05-24,FL_009,OP_005,Evening,14.8,1.6,2.55,22.09,50.94,60.85,True,False,False,38.55421686746988
2026-01-06,FL_003,OP_007,Night,15.47,0.09,0.82,86.93,49.33,142.09,True,True,False,9.8901099
2025-04-18,FL_003,OP_001,Night,9.37,0.75,1.81,24.89,48.5,100.58,True,True,,29.296875
2025-12-07,FL_005,OP_008,Evening,14.93,2.83,2.46,86.22,47.28,87.83,False,False,False,53.49716446124764
2025-11-27,FL_006,OP_003,Night,7.74,5.03,0.18,31.77,51.34,135.89,True,False,False,96.54510556621882
2025-08-19,FL_010,OP_003,Evening,15.55,1.43,0.24,89.89,48.05,44.52,False,False,False,85.62874251497007
2025-11-30,FL_003,OP_004,Night,5.97,1.66,0.16,69.18,51.43,131.04,False,True,False,91.2087912087912
2025-09-08,FL_006,OP_008,Evening,8.54,2.27,1.73,46.69,47.78,111.98,False,True,False,56.75
2025-04-01,FL_004,OP_007,Evening,6.81,3.63,0.5,57.51,51.69,78.42,True,True,False,87.89346246973365
2025-04-20,FL_003,OP_001,Evening,11.8,4.42,2.62,41.58,45.69,73.68,True,False,False,62.78409090909091
2025-09-15,FL_007,OP_001,Night,2.05,3.25,2.05,24.28,45.85,30.42,False,False,False,61.32075471698113
2025-04-05,FL_009,OP_006,Evening,2.14,5.13,2.54,93.78,48.45,91.24,True,True,False,66.88396349413298
2025-05-29,FL_003,OP_005,Evening,5.36,1.5,0.55,47.22,50.06,60.39,False,True,False,73.17073170731707
2026-01-06,FL_002,OP_003,Night,4.15,3.93,2.0,40.45,47.37,139.65,True,True,False,66.27318718381113
2025-04-12,FL_004,OP_007,Evening,7.78,3.72,1.61,78.54,48.87,113.32,False,True,False,69.7936210131332
2025-07-13,FL_002,OP_005,Day,6.63,3.95,0.69,55.83,48.24,145.52,False,True,False,85.12931034482759
2025-06-15,FL_001,OP_006,Day,7.29,1.02,1.23,82.8,45.84,81.55,True,False,False,45.33333333333333
2025-09-14,FL_002,OP_005,Evening,8.91,4.6,2.41,74.65,46.33,133.48,False,False,False,65.62054208273895
2025-05-25,FL_008,OP_004,Day,17.02,3.68,1.6,77.57,51.8,18.48,False,True,False,69.6969696969697
2025-03-19,FL_006,OP_006,Night,4.34,0.09,0.52,30.01,48.9,125.56,False,True,False,14.7540984
2025-02-21,FL_004,OP_008,Night,16.75,2.88,0.13,73.79,50.7,28.35,False,True,False,95.68106312292359
2025-08-21,FL_004,OP_005,Evening,1.75,2.75,0.35,63.8,49.23,11.48,False,False,False,88.70967741935485
2025-08-31,FL_004,OP_007,Night,14.7,0.52,1.17,93.84,45.27,123.77,False,True,False,30.769230769230766
2025-12-24,FL_006,OP_002,Day,5.91,0.91,1.8,95.21,45.92,128.89,True,True,False,33.579335793357934
2025-05-03,FL_002,OP_004,Day,3.17,2.01,1.79,22.83,51.48,78.52,True,False,False,52.89473684210527
2025-12-24,FL_010,OP_007,Night,17.42,3.7,2.63,27.64,47.26,37.26,False,True,False,58.451816745655606
2025-07-30,FL_001,OP_001,Day,16.14,6.63,1.24,69.74,49.31,76.99,True,True,False,84.24396442185514
2025-05-06,FL_001,OP_003,Evening,6.05,5.5,2.39,38.1,48.91,110.48,True,False,False,69.70849176172369
2025-07-03,FL_003,OP_002,Day,14.65,1.57,0.48,81.86,51.25,130.77,True,False,False,76.58536585365853
2025-03-16,FL_007,OP_004,Evening,8.69,0.24,3.98,78.88,50.77,18.84,True,True,False,5.6872037914691935
2025-08-28,FL_010,OP_003,Night,0.67,7.26,0.72,40.4,44.21,11.23,False,False,False,90.97744360902256
2025-05-15,FL_003,OP_006,Night,10.5,0.04,2.68,35.06,46.57,30.38,False,False,False,1.4705882352941175
2025-02-14,FL_005,OP_007,Night,0.93,3.86,3.04,83.85,44.96,101.94,False,False,False,55.94202898550725
2025-05-21,FL_009,OP_003,Night,15.75,4.83,0.64,89.53,48.34,142.19,True,True,False,88.2998171846435
2025-12-28,FL_008,OP_006,Day,16.04,0.68,0.77,85.78,50.93,22.65,False,False,False,46.89655172413793
2025-05-16,FL_004,OP_008,Night,14.89,0.7,3.06,70.18,46.58,13.53,False,,False,18.617021276595743
2026-01-14,FL_005,OP_004,Day,3.94,5.3,0.88,92.93,45.27,43.41,False,True,False,85.76051779935275
2025-05-10,FL_005,OP_002,Evening,5.25,2.79,1.86,57.24,51.07,113.6,True,False,False,60.0
2025-06-29,FL_003,OP_001,Evening,9.8,1.97,3.51,83.95,49.04,86.66,False,False,False,35.94890510948905
2025-09-01,FL_006,OP_005,Night,6.42,4.43,1.93,92.58,50.84,51.82,False,True,False,69.65408805031447
2025-11-05,FL_002,OP_003,Evening,0.14,3.07,3.22,20.2,46.43,86.34,True,True,False,48.807631160572335
2025-09-06,FL_004,OP_008,Night,17.47,2.77,2.46,33.51,46.43,106.01,True,False,False,
2025-12-11,FL_005,OP_005,Day,12.66,2.04,1.74,33.56,45.82,54.75,False,False,False,53.96825396825397
2025-06-12,FL_007,OP_001,Night,12.0,3.33,3.63,40.04,47.17,42.27,False,True,False,47.8448275862069
2025-12-14,FL_009,OP_006,Evening,14.57,1.3,3.83,93.82,50.3,101.14,False,True,False,25.341130604288495
2025-05-19,FL_009,OP_007,Night,17.51,0.46,0.03,71.05,44.91,114.78,False,True,False,93.877551
2025-11-14,FL_003,OP_004,Evening,12.65,4.52,0.71,71.2,51.6,78.14,True,True,False,86.4244741873805
2025-03-25,FL_006,OP_008,Night,11.66,1.95,1.07,90.42,48.13,133.71,True,,False,64.56953642384106
2025-10-01,FL_004,OP_003,Evening,13.93,1.37,2.48,35.96,48.02,141.93,False,True,False,35.58441558441558
2025-05-12,FL_010,OP_005,Night,16.67,1.58,0.85,93.09,45.42,79.37,False,True,False,65.02057613168724
2025-03-26,FL_010,OP_007,Evening,8.2,2.51,2.05,68.12,46.62,116.37,False,True,False,55.04385964912281
2025-09-03,FL_001,OP_003,Day,9.02,0.2,0.58,86.97,44.89,25.93,True,True,False,25.6410256
2025-11-27,FL_003,OP_003,Night,16.11,0.53,1.65,59.7,46.0,24.42,False,False,False,24.31192660550459
2025-12-21,FL_007,OP_008,Day,10.31,3.54,1.66,71.61,50.32,104.95,True,False,False,68.07692307692308
2025-02-25,FL_008,OP_002,Evening,4.81,2.74,2.23,83.49,45.93,35.46,False,True,False,55.13078470824949
2025-07-12,FL_009,OP_006,Evening,5.73,0.84,0.29,48.49,50.6,90.95,True,True,False,74.3362831858407
2025-02-04,FL_003,OP_005,Day,14.53,0.22,0.34,23.97,49.29,33.44,False,True,False,39.2857143
2025-12-22,FL_004,OP_002,Evening,1.14,6.91,0.99,90.56,47.3,94.44,False,False,False,87.46835443037975
2025-05-22,FL_001,OP_001,Day,10.46,3.46,1.36,48.6,46.69,74.32,True,True,False,71.78423236514523
2025-02-15,FL_001,OP_004,Day,10.76,0.43,3.45,86.13,44.56,120.16,True,True,False,11.082474226804123
2025-03-03,FL_007,OP_004,Night,0.45,7.14,0.16,36.62,49.84,95.95,True,False,False,97.80821917808221
2025-10-26,FL_002,OP_006,Evening,3.73,4.42,2.62,72.24,44.06,37.58,True,True,False,62.78409090909091
2025-11-26,FL_001,OP_007,Evening,16.27,3.98,2.04,31.68,50.18,79.17,True,True,False,66.11295681063122
2026-01-08,FL_007,OP_003,Evening,15.77,2.3,2.71,20.7,47.28,66.98,False,True,False,45.90818363273453
2025-07-08,FL_003,OP_006,Night,5.68,4.27,0.43,59.97,50.06,135.79,False,True,False,90.85106382978724
2025-03-20,FL_009,OP_003,Night,13.25,3.3,0.99,51.9,46.09,73.8,True,True,False,76.92307692307693
2025-05-22,FL_006,OP_001,Day,17.9,2.66,3.84,71.33,50.55,69.04,False,False,False,40.92307692307692
2025-10-12,FL_003,OP_003,Evening,12.42,0.13,0.5,92.45,48.01,52.16,True,True,False,20.6349206
2025-02-01,FL_009,OP_005,Evening,0.73,0.87,1.56,98.65,47.95,138.57,True,True,False,35.80246913580247
2025-05-16,FL_002,OP_008,Evening,6.53,6.67,1.14,90.37,49.16,107.2,False,True,False,
2025-12-24,FL_002,OP_008,Evening,8.8,1.69,3.01,34.27,51.01,29.06,False,True,False,35.95744680851064
2025-12-26,FL_008,OP_003,Day,6.29,4.63,1.76,25.16,49.49,39.76,True,False,False,72.45696400625978
2025-07-31,FL_003,OP_002,Night,3.89,0.07,1.36,78.2,50.36,67.19,False,False,False,
2025-03-15,FL_009,OP_004,Day,0.33,5.58,0.31,62.6,47.84,34.16,True,False,False,94.73684210526316
2025-11-23,FL_004,OP_001,Day,4.1,0.08,3.6,94.9,44.39,131.02,False,False,False,2.1739130434782608
2025-02-21,FL_008,OP_003,Day,10.78,6.25,1.04,74.07,50.85,18.71,True,True,False,85.73388203017832
2025-10-29,FL_008,OP_001,Day,6.63,1.43,0.68,58.87,47.02,34.45,False,True,False,67.77251184834124
2025-03-26,FL_007,OP_001,Evening,16.07,0.69,2.02,64.57,46.05,64.66,True,False,False,25.461254612546124
2025-04-25,FL_003,OP_003,Day,15.78,2.4,0.85,82.41,50.2,12.32,True,False,False,73.84615384615384
2025-05-01,FL_009,OP_003,Night,11.83,6.71,0.16,32.65,44.32,124.36,True,False,False,97.67103347889375
2025-04-03,FL_002,OP_003,Day,12.45,3.41,2.58,34.67,46.87,36.99,False,True,False,56.92821368948247
2025-07-05,FL_001,OP_006,Evening,4.82,2.88,0.45,96.83,46.25,18.21,True,False,False,86.48648648648648
2025-02-28,FL_001,OP_006,Evening,10.37,0.32,1.6,68.71,50.35,51.14,False,False,False,16.666666666666664
2025-10-31,FL_003,OP_008,Day,15.71,2.26,3.68,74.92,47.96,132.2,False,False,False,38.04713804713805
2025-09-08,FL_008,OP_004,Day,7.79,2.69,3.08,77.34,48.58,19.63,True,False,False,46.620450606585784
2025-05-07,FL_001,OP_003,Night,9.81,3.23,2.05,85.72,45.68,50.26,False,False,False,61.174242424242415
2025-07-16,FL_004,OP_004,Night,9.06,6.85,0.13,47.29,51.9,38.74,,False,False,98.13753581661891
2025-04-22,FL_009,OP_008,Day,11.03,1.77,2.26,86.5,49.6,39.21,False,True,False,43.92059553349876
2025-12-30,FL_002,OP_008,Evening,4.84,4.52,0.09,20.09,45.14,56.12,,True,,98.04772234273318
2025-09-13,FL_007,OP_005,Evening,11.23,3.01,2.72,84.58,50.18,149.68,False,True,False,52.5305410122164
2025-09-05,FL_003,OP_007,Night,11.63,1.47,2.49,85.63,45.44,71.7,False,True,False,37.12121212121212
2025-08-22,FL_006,OP_003,Evening,15.24,3.44,0.13,84.36,44.56,15.13,True,True,False,96.35854341736695
2025-11-30,FL_009,OP_002,Evening,1.34,4.04,3.17,68.12,48.16,136.71,False,False,False,56.03328710124826
2025-05-26,FL_004,OP_007,Evening,15.49,4.57,3.07,26.86,48.8,21.68,True,True,False,59.816753926701566
2025-11-05,FL_010,OP_007,Evening,1.59,3.29,2.32,69.08,44.47,112.09,False,True,False,58.64527629233512
2025-02-02,FL_001,OP_008,Day,15.71,2.9,1.3,98.75,49.37,67.44,False,False,,69.04761904761905
2025-06-27,FL_002,OP_005,Evening,4.72,3.13,0.78,75.15,46.61,147.95,True,True,False,80.05115089514065
2025-07-25,FL_010,OP_007,Night,15.65,5.12,2.78,33.68,46.5,80.15,True,False,False,64.81012658227849
2026-01-08,FL_009,OP_002,Evening,1.55,5.66,1.35,93.17,50.5,41.65,True,True,False,80.74179743223965
2025-12-26,FL_007,OP_006,Day,1.04,6.84,0.88,56.28,46.18,12.54,True,True,False,88.60103626943005
2025-04-13,FL_010,OP_006,Day,12.66,3.19,1.66,64.02,48.2,79.01,True,True,False,65.77319587628865
2025-03-25,FL_004,OP_003,Day,13.98,3.31,1.39,26.69,50.64,11.06,True,True,False,70.42553191489361
2025-04-08,FL_007,OP_005,Evening,11.77,4.23,2.74,94.58,44.84,52.57,True,True,False,60.68866571018651
2025-06-29,FL_007,OP_004,Night,13.97,2.62,2.96,33.4,47.99,126.48,False,False,,46.95340501792114
2025-07-16,FL_001,OP_008,Night,0.89,5.3,1.94,84.7,50.39,42.11,True,False,False,73.20441988950274
2025-12-16,FL_006,OP_003,Day,4.75,5.85,2.13,50.0,49.66,59.19,True,True,False,73.30827067669173
2026-01-05,FL_008,OP_002,Evening,3.37,1.16,1.31,84.25,45.84,79.41,True,True,False,46.96356275303644
2025-07-09,FL_008,OP_004,Evening,8.18,4.17,1.99,70.14,50.86,138.92,False,True,False,67.6948051948052
2025-12-06,FL_009,OP_003,Evening,17.56,4.26,0.68,96.27,46.57,34.44,False,False,False,
2025-06-30,FL_010,OP_006,Night,2.19,2.28,1.91,42.63,50.08,123.32,True,False,False,54.41527446300716
2025-03-01,FL_006,OP_002,Evening,4.94,4.29,0.64,98.61,47.72,140.13,True,False,False,87.0182555780933
2025-06-09,FL_001,OP_007,Day,2.58,5.95,1.75,84.31,47.48,90.1,False,True,False,77.27272727272727
2025-06-07,FL_007,OP_008,Evening,11.37,1.24,3.35,84.32,45.23,51.82,False,True,False,27.015250544662308
2025-03-11,FL_009,OP_003,Night,14.22,2.65,3.61,95.76,48.37,63.51,,True,False,42.33226837060703
